ZipName,Grade
61dfa7b5af478/,3
ZipName,Grade
61dfc45a897b0/,3
ZipName,Grade
栏目一/,3
ZipName,Grade
栏目一/,3
ZipName,Grade
栏目一/,3
ZipName,Grade
栏目一/,3
ZipName,Grade
栏目一/,3
ZipName,Grade
栏目一/,3
ZipName,Grade
栏目一/,3
ZipName,Grade
栏目一/,3
ZipName,Grade
栏目一/,3
ZipName,Grade
栏目一/,3
ZipName,Grade
栏目一/,3
ZipName,Grade
栏目一/,3
ZipName,Grade
栏目一/,3
ZipName,Grade
栏目一/,3
ZipName,Grade
栏目一/,3
ZipName,Grade
栏目二/,3
ZipName,Grade
栏目二/,3
ZipName,Grade
栏目二/,3
ZipName,Grade
栏目二/,3
ZipName,Grade
栏目二/,3
ZipName,Grade
栏目二/,3
ZipName,Grade
栏目二/,3
ZipName,Grade
栏目二/,3
ZipName,Grade
栏目二/,3
ZipName,Grade
栏目二/,3
ZipName,Grade
栏目二/,3
ZipName,Grade
栏目二/,3
ZipName,Grade
└╕─┐╢■/,3
ZipName,Grade
栏目二/,3
ZipName,Grade
栏目二/,3
